<resources>

    <!-- Logo -->
    <dimen name="logo_popup_icon_top_margin">180dp</dimen>
    <dimen name="logo_popup_icon_bottom_margin">229dp</dimen>
    <dimen name="logo_popup_icon_left_margin">107dp</dimen>
    <dimen name="logo_popup_icon_right_margin">107dp</dimen>

    <dimen name="logo_popup_text1_top_margin">385dp</dimen>
    <dimen name="logo_popup_text1_bottom_margin">100dp</dimen>
    <dimen name="logo_popup_text1_left_margin">107dp</dimen>
    <dimen name="logo_popup_text1_right_margin">107dp</dimen>

    <dimen name="logo_popup_text2_top_margin">420dp</dimen>
    <dimen name="logo_popup_text2_bottom_margin">100dp</dimen>
    <dimen name="logo_popup_text2_left_margin">107dp</dimen>
    <dimen name="logo_popup_text2_right_margin">107dp</dimen>



    <!-- lockscreen 4 -->
    <dimen name="lockscreen_four_upper_layer_w">310dp</dimen>
    <dimen name="lockscreen_four_upper_layer_h">238dp</dimen>
    <dimen name="lockscreen_four_lower_layer_w">310dp</dimen>
    <dimen name="lockscreen_four_lower_layer_h">320dp</dimen>

    <dimen name="lockscreen_four_text_top_margin">10dp</dimen>
    <dimen name="lockscreen_four_text_bottom_margin">10dp</dimen>
    <dimen name="lockscreen_four_text_height_margin">70dp</dimen>

    <dimen name="lockscreen_four_upper_layer_sub_txt_top_margin">20dp</dimen>

    <!-- lockscreen 2 -->
    <dimen name="lockscreen_two_upper_layer_w">310dp</dimen>
    <dimen name="lockscreen_two_upper_layer_h">238dp</dimen>
    <dimen name="lockscreen_two_lower_layer_w">310dp</dimen>
    <dimen name="lockscreen_two_lower_layer_h">320dp</dimen>

    <dimen name="lockscreen_two_text_top_margin">5dp</dimen>
    <dimen name="lockscreen_two_text_bottom_margin">10dp</dimen>
    <dimen name="lockscreen_two_text_height_margin">70dp</dimen>

    <dimen name="lockscreen_two_upper_layer_sub_txt_top_margin">20dp</dimen>

    <!-- Default screen margins, per the Android Design guidelines. -->
    <dimen name="activity_horizontal_margin">12dp</dimen>
    <dimen name="activity_vertical_margin">16dp</dimen>

    <dimen name="tab_activity_tab_height">62dp</dimen>
    <dimen name="tab_activity_tab_indicator_height">4dp</dimen>
    <dimen name="text_margin">16dp</dimen>
    <dimen name="lockscreen_speaker_image_right_margins">60dp</dimen>


    <!-- Setting Fragment Layout -->
    <dimen name="setting_top_question_type_margin">15dp</dimen>

    <!-- Learning Fragmet Layout -->
    <dimen name="learning_title_image_w">65dp</dimen>
    <dimen name="learning_title_image_h">46dp</dimen>
    <dimen name="learning_title_text_w">89dp</dimen>
    <dimen name="learning_title_text_h">29dp</dimen>
    <dimen name="learning_title_text_top_margin">17dp</dimen>
    <dimen name="learning_title_text_left_margin">1dp</dimen>
    <dimen name="learning_title_text_size">24sp</dimen>

    <dimen name="learning_popup_w">362dp</dimen>
    <dimen name="learning_popup_h">550dp</dimen>
    <dimen name="learning_popup_top_margin">8dp</dimen>
    <dimen name="learning_popup_left_margin">50dp</dimen>

    <dimen name="learning_popup_title_text_top_margin">30dp</dimen>
    <dimen name="learning_popup_title_text_left_margin">22dp</dimen>
    <dimen name="learning_popup_title_text_size">18sp</dimen>

    <dimen name="learning_popup_list_top_margin">10dp</dimen>
    <dimen name="learning_popup_list_left_margin">11dp</dimen>
    <dimen name="learning_popup_list_right_margin">8dp</dimen>
    <dimen name="learning_popup_list_bottom_margin">25dp</dimen>

    <dimen name="learning_popup_list_item_text_size">15sp</dimen>
    <dimen name="learning_popup_list_item_left_margin">10dp</dimen>
    <dimen name="learning_popup_list_item_right_margin">10dp</dimen>
    <dimen name="learning_popup_list_item_height">40dp</dimen>



    <!-- Note Fragment Layout -->
    <dimen name="title_top_margin">20dp</dimen>
    <dimen name="title_left_margin">30dp</dimen>
    <dimen name="title_image_left_margin">5dp</dimen>
    <dimen name="title_right_margin">30dp</dimen>

    <dimen name="note_title_image_w">65dp</dimen>
    <dimen name="note_title_image_h">46dp</dimen>
    <dimen name="note_title_text_w">69dp</dimen>
    <dimen name="note_title_text_h">29dp</dimen>
    <dimen name="note_title_text_top_margin">17dp</dimen>
    <dimen name="note_title_text_left_margin">1dp</dimen>
    <dimen name="note_title_text_size">24sp</dimen>

    <dimen name="note_popup_w">362dp</dimen>
    <dimen name="note_popup_h">550dp</dimen>
    <dimen name="note_popup_top_margin">8dp</dimen>
    <dimen name="note_popup_left_margin">50dp</dimen>

    <dimen name="note_popup_title_text_top_margin">31dp</dimen>
    <dimen name="note_popup_title_text_left_margin">25dp</dimen>
    <dimen name="note_popup_title_text_size">18sp</dimen>

    <dimen name="note_popup_list_top_margin">10dp</dimen>
    <dimen name="note_popup_list_left_margin">11dp</dimen>
    <dimen name="note_popup_list_right_margin">8dp</dimen>
    <dimen name="note_popup_list_bottom_margin">22dp</dimen>

    <dimen name="note_popup_list_item_text_size">15sp</dimen>
    <dimen name="note_popup_list_item_left_margin">10dp</dimen>
    <dimen name="note_popup_list_item_right_margin">10dp</dimen>
    <dimen name="note_popup_list_item_height">60dp</dimen>

    <!-- Today Word Popup Layout -->
    <dimen name="today_word_popup_bg_width">280dp</dimen>
    <dimen name="today_word_popup_title_top_margin">54dp</dimen>
    <dimen name="today_word_popup_title_text_size">25sp</dimen>

    <dimen name="today_word_popup_content_top_margin">25dp</dimen>
    <dimen name="today_word_popup_content_left_margin">30dp</dimen>
    <dimen name="today_word_popup_content_right_margin">30dp</dimen>
    <dimen name="today_word_popup_content_height">286dp</dimen>

    <dimen name="today_word_popup_index_height">8dp</dimen>
    <dimen name="today_word_popup_index_top_margin">33dp</dimen>

    <dimen name="today_word_finish_btn_width">49dp</dimen>
    <dimen name="today_word_finish_btn_height">25dp</dimen>
    <dimen name="today_word_finish_btn_top_margin">28dp</dimen>
    <dimen name="today_word_finish_btn_right_margin">19dp</dimen>
    <dimen name="today_word_finish_btn_bottom_margin">19dp</dimen>
    <dimen name="today_word_finish_btn_text_size">18sp</dimen>


    <dimen name="today_word_text_height">26dp</dimen>
    <dimen name="today_word_text_size">19sp</dimen>

</resources>
